<?xml version="1.0" encoding="UTF-8"?>
<spirit:component xmlns:xilinx="http://www.xilinx.com" xmlns:spirit="http://www.spiritconsortium.org/XMLSchema/SPIRIT/1685-2009" xmlns:xsi="http://www.w3.org/2001/XMLSchema-instance">
  <spirit:vendor>xilinx.com</spirit:vendor>
  <spirit:library>user</spirit:library>
  <spirit:name>axi_buzzer</spirit:name>
  <spirit:version>1.0</spirit:version>
  <spirit:busInterfaces>
    <spirit:busInterface>
      <spirit:name>S00_AXI</spirit:name>
      <spirit:busType spirit:vendor="xilinx.com" spirit:library="interface" spirit:name="aximm" spirit:version="1.0"/>
      <spirit:abstractionType spirit:vendor="xilinx.com" spirit:library="interface" spirit:name="aximm_rtl" spirit:version="1.0"/>
      <spirit:slave>
        <spirit:memoryMapRef spirit:memoryMapRef="S00_AXI"/>
      </spirit:slave>
      <spirit:portMaps>
        <spirit:portMap>
          <spirit:logicalPort>
            <spirit:name>AWADDR</spirit:name>
          </spirit:logicalPort>
          <spirit:physicalPort>
            <spirit:name>s00_axi_awaddr</spirit:name>
          </spirit:physicalPort>
        </spirit:portMap>
        <spirit:portMap>
          <spirit:logicalPort>
            <spirit:name>AWPROT</spirit:name>
          </spirit:logicalPort>
          <spirit:physicalPort>
            <spirit:name>s00_axi_awprot</spirit:name>
          </spirit:physicalPort>
        </spirit:portMap>
        <spirit:portMap>
          <spirit:logicalPort>
            <spirit:name>AWVALID</spirit:name>
          </spirit:logicalPort>
          <spirit:physicalPort>
            <spirit:name>s00_axi_awvalid</spirit:name>
          </spirit:physicalPort>
        </spirit:portMap>
        <spirit:portMap>
          <spirit:logicalPort>
            <spirit:name>AWREADY</spirit:name>
          </spirit:logicalPort>
          <spirit:physicalPort>
            <spirit:name>s00_axi_awready</spirit:name>
          </spirit:physicalPort>
        </spirit:portMap>
        <spirit:portMap>
          <spirit:logicalPort>
            <spirit:name>WDATA</spirit:name>
          </spirit:logicalPort>
          <spirit:physicalPort>
            <spirit:name>s00_axi_wdata</spirit:name>
          </spirit:physicalPort>
        </spirit:portMap>
        <spirit:portMap>
          <spirit:logicalPort>
            <spirit:name>WSTRB</spirit:name>
          </spirit:logicalPort>
          <spirit:physicalPort>
            <spirit:name>s00_axi_wstrb</spirit:name>
          </spirit:physicalPort>
        </spirit:portMap>
        <spirit:portMap>
          <spirit:logicalPort>
            <spirit:name>WVALID</spirit:name>
          </spirit:logicalPort>
          <spirit:physicalPort>
            <spirit:name>s00_axi_wvalid</spirit:name>
          </spirit:physicalPort>
        </spirit:portMap>
        <spirit:portMap>
          <spirit:logicalPort>
            <spirit:name>WREADY</spirit:name>
          </spirit:logicalPort>
          <spirit:physicalPort>
            <spirit:name>s00_axi_wready</spirit:name>
          </spirit:physicalPort>
        </spirit:portMap>
        <spirit:portMap>
          <spirit:logicalPort>
            <spirit:name>BRESP</spirit:name>
          </spirit:logicalPort>
          <spirit:physicalPort>
            <spirit:name>s00_axi_bresp</spirit:name>
          </spirit:physicalPort>
        </spirit:portMap>
        <spirit:portMap>
          <spirit:logicalPort>
            <spirit:name>BVALID</spirit:name>
          </spirit:logicalPort>
          <spirit:physicalPort>
            <spirit:name>s00_axi_bvalid</spirit:name>
          </spirit:physicalPort>
        </spirit:portMap>
        <spirit:portMap>
          <spirit:logicalPort>
            <spirit:name>BREADY</spirit:name>
          </spirit:logicalPort>
          <spirit:physicalPort>
            <spirit:name>s00_axi_bready</spirit:name>
          </spirit:physicalPort>
        </spirit:portMap>
        <spirit:portMap>
          <spirit:logicalPort>
            <spirit:name>ARADDR</spirit:name>
          </spirit:logicalPort>
          <spirit:physicalPort>
            <spirit:name>s00_axi_araddr</spirit:name>
          </spirit:physicalPort>
        </spirit:portMap>
        <spirit:portMap>
          <spirit:logicalPort>
            <spirit:name>ARPROT</spirit:name>
          </spirit:logicalPort>
          <spirit:physicalPort>
            <spirit:name>s00_axi_arprot</spirit:name>
          </spirit:physicalPort>
        </spirit:portMap>
        <spirit:portMap>
          <spirit:logicalPort>
            <spirit:name>ARVALID</spirit:name>
          </spirit:logicalPort>
          <spirit:physicalPort>
            <spirit:name>s00_axi_arvalid</spirit:name>
          </spirit:physicalPort>
        </spirit:portMap>
        <spirit:portMap>
          <spirit:logicalPort>
            <spirit:name>ARREADY</spirit:name>
          </spirit:logicalPort>
          <spirit:physicalPort>
            <spirit:name>s00_axi_arready</spirit:name>
          </spirit:physicalPort>
        </spirit:portMap>
        <spirit:portMap>
          <spirit:logicalPort>
            <spirit:name>RDATA</spirit:name>
          </spirit:logicalPort>
          <spirit:physicalPort>
            <spirit:name>s00_axi_rdata</spirit:name>
          </spirit:physicalPort>
        </spirit:portMap>
        <spirit:portMap>
          <spirit:logicalPort>
            <spirit:name>RRESP</spirit:name>
          </spirit:logicalPort>
          <spirit:physicalPort>
            <spirit:name>s00_axi_rresp</spirit:name>
          </spirit:physicalPort>
        </spirit:portMap>
        <spirit:portMap>
          <spirit:logicalPort>
            <spirit:name>RVALID</spirit:name>
          </spirit:logicalPort>
          <spirit:physicalPort>
            <spirit:name>s00_axi_rvalid</spirit:name>
          </spirit:physicalPort>
        </spirit:portMap>
        <spirit:portMap>
          <spirit:logicalPort>
            <spirit:name>RREADY</spirit:name>
          </spirit:logicalPort>
          <spirit:physicalPort>
            <spirit:name>s00_axi_rready</spirit:name>
          </spirit:physicalPort>
        </spirit:portMap>
      </spirit:portMaps>
      <spirit:parameters>
        <spirit:parameter>
          <spirit:name>WIZ_DATA_WIDTH</spirit:name>
          <spirit:value spirit:format="long" spirit:id="BUSIFPARAM_VALUE.S00_AXI.WIZ_DATA_WIDTH" spirit:choiceRef="choice_list_6fc15197">32</spirit:value>
        </spirit:parameter>
        <spirit:parameter>
          <spirit:name>WIZ_NUM_REG</spirit:name>
          <spirit:value spirit:format="long" spirit:id="BUSIFPARAM_VALUE.S00_AXI.WIZ_NUM_REG" spirit:minimum="4" spirit:maximum="512" spirit:rangeType="long">4</spirit:value>
        </spirit:parameter>
        <spirit:parameter>
          <spirit:name>SUPPORTS_NARROW_BURST</spirit:name>
          <spirit:value spirit:format="long" spirit:id="BUSIFPARAM_VALUE.S00_AXI.SUPPORTS_NARROW_BURST" spirit:choiceRef="choice_pairs_ce1226b1">0</spirit:value>
        </spirit:parameter>
      </spirit:parameters>
    </spirit:busInterface>
    <spirit:busInterface>
      <spirit:name>S00_AXI_RST</spirit:name>
      <spirit:busType spirit:vendor="xilinx.com" spirit:library="signal" spirit:name="reset" spirit:version="1.0"/>
      <spirit:abstractionType spirit:vendor="xilinx.com" spirit:library="signal" spirit:name="reset_rtl" spirit:version="1.0"/>
      <spirit:slave/>
      <spirit:portMaps>
        <spirit:portMap>
          <spirit:logicalPort>
            <spirit:name>RST</spirit:name>
          </spirit:logicalPort>
          <spirit:physicalPort>
            <spirit:name>s00_axi_aresetn</spirit:name>
          </spirit:physicalPort>
        </spirit:portMap>
      </spirit:portMaps>
      <spirit:parameters>
        <spirit:parameter>
          <spirit:name>POLARITY</spirit:name>
          <spirit:value spirit:id="BUSIFPARAM_VALUE.S00_AXI_RST.POLARITY" spirit:choiceRef="choice_list_9d8b0d81">ACTIVE_LOW</spirit:value>
        </spirit:parameter>
      </spirit:parameters>
    </spirit:busInterface>
    <spirit:busInterface>
      <spirit:name>S00_AXI_CLK</spirit:name>
      <spirit:busType spirit:vendor="xilinx.com" spirit:library="signal" spirit:name="clock" spirit:version="1.0"/>
      <spirit:abstractionType spirit:vendor="xilinx.com" spirit:library="signal" spirit:name="clock_rtl" spirit:version="1.0"/>
      <spirit:slave/>
      <spirit:portMaps>
        <spirit:portMap>
          <spirit:logicalPort>
            <spirit:name>CLK</spirit:name>
          </spirit:logicalPort>
          <spirit:physicalPort>
            <spirit:name>s00_axi_aclk</spirit:name>
          </spirit:physicalPort>
        </spirit:portMap>
      </spirit:portMaps>
      <spirit:parameters>
        <spirit:parameter>
          <spirit:name>ASSOCIATED_BUSIF</spirit:name>
          <spirit:value spirit:id="BUSIFPARAM_VALUE.S00_AXI_CLK.ASSOCIATED_BUSIF">S00_AXI</spirit:value>
        </spirit:parameter>
        <spirit:parameter>
          <spirit:name>ASSOCIATED_RESET</spirit:name>
          <spirit:value spirit:id="BUSIFPARAM_VALUE.S00_AXI_CLK.ASSOCIATED_RESET">s00_axi_aresetn</spirit:value>
        </spirit:parameter>
      </spirit:parameters>
    </spirit:busInterface>
    <spirit:busInterface>
      <spirit:name>clk</spirit:name>
      <spirit:busType spirit:vendor="xilinx.com" spirit:library="signal" spirit:name="clock" spirit:version="1.0"/>
      <spirit:abstractionType spirit:vendor="xilinx.com" spirit:library="signal" spirit:name="clock_rtl" spirit:version="1.0"/>
      <spirit:slave/>
      <spirit:portMaps>
        <spirit:portMap>
          <spirit:logicalPort>
            <spirit:name>CLK</spirit:name>
          </spirit:logicalPort>
          <spirit:physicalPort>
            <spirit:name>clk</spirit:name>
          </spirit:physicalPort>
        </spirit:portMap>
      </spirit:portMaps>
    </spirit:busInterface>
  </spirit:busInterfaces>
  <spirit:memoryMaps>
    <spirit:memoryMap>
      <spirit:name>S00_AXI</spirit:name>
      <spirit:addressBlock>
        <spirit:name>S00_AXI_reg</spirit:name>
        <spirit:baseAddress spirit:format="long" spirit:resolve="user">0</spirit:baseAddress>
        <spirit:range spirit:format="long">4096</spirit:range>
        <spirit:width spirit:format="long">32</spirit:width>
        <spirit:usage>register</spirit:usage>
        <spirit:parameters>
          <spirit:parameter>
            <spirit:name>OFFSET_BASE_PARAM</spirit:name>
            <spirit:value spirit:id="ADDRBLOCKPARAM_VALUE.S00_AXI.S00_AXI_REG.OFFSET_BASE_PARAM">C_S00_AXI_BASEADDR</spirit:value>
          </spirit:parameter>
          <spirit:parameter>
            <spirit:name>OFFSET_HIGH_PARAM</spirit:name>
            <spirit:value spirit:id="ADDRBLOCKPARAM_VALUE.S00_AXI.S00_AXI_REG.OFFSET_HIGH_PARAM">C_S00_AXI_HIGHADDR</spirit:value>
          </spirit:parameter>
        </spirit:parameters>
      </spirit:addressBlock>
    </spirit:memoryMap>
  </spirit:memoryMaps>
  <spirit:model>
    <spirit:views>
      <spirit:view>
        <spirit:name>xilinx_vhdlsynthesis</spirit:name>
        <spirit:displayName>VHDL Synthesis</spirit:displayName>
        <spirit:envIdentifier>vhdlSource:vivado.xilinx.com:synthesis</spirit:envIdentifier>
        <spirit:language>vhdl</spirit:language>
        <spirit:modelName>axi_buzzer_v1_0</spirit:modelName>
        <spirit:fileSetRef>
          <spirit:localName>xilinx_vhdlsynthesis_view_fileset</spirit:localName>
        </spirit:fileSetRef>
        <spirit:parameters>
          <spirit:parameter>
            <spirit:name>viewChecksum</spirit:name>
            <spirit:value>516e5a8b</spirit:value>
          </spirit:parameter>
        </spirit:parameters>
      </spirit:view>
      <spirit:view>
        <spirit:name>xilinx_vhdlbehavioralsimulation</spirit:name>
        <spirit:displayName>VHDL Simulation</spirit:displayName>
        <spirit:envIdentifier>vhdlSource:vivado.xilinx.com:simulation</spirit:envIdentifier>
        <spirit:language>vhdl</spirit:language>
        <spirit:modelName>axi_buzzer_v1_0</spirit:modelName>
        <spirit:fileSetRef>
          <spirit:localName>xilinx_vhdlbehavioralsimulation_view_fileset</spirit:localName>
        </spirit:fileSetRef>
        <spirit:parameters>
          <spirit:parameter>
            <spirit:name>viewChecksum</spirit:name>
            <spirit:value>516e5a8b</spirit:value>
          </spirit:parameter>
        </spirit:parameters>
      </spirit:view>
      <spirit:view>
        <spirit:name>xilinx_xpgui</spirit:name>
        <spirit:displayName>UI Layout</spirit:displayName>
        <spirit:envIdentifier>:vivado.xilinx.com:xgui.ui</spirit:envIdentifier>
        <spirit:fileSetRef>
          <spirit:localName>xilinx_xpgui_view_fileset</spirit:localName>
        </spirit:fileSetRef>
        <spirit:parameters>
          <spirit:parameter>
            <spirit:name>viewChecksum</spirit:name>
            <spirit:value>4f0b8ea1</spirit:value>
          </spirit:parameter>
        </spirit:parameters>
      </spirit:view>
      <spirit:view>
        <spirit:name>bd_tcl</spirit:name>
        <spirit:displayName>Block Diagram</spirit:displayName>
        <spirit:envIdentifier>:vivado.xilinx.com:block.diagram</spirit:envIdentifier>
        <spirit:fileSetRef>
          <spirit:localName>bd_tcl_view_fileset</spirit:localName>
        </spirit:fileSetRef>
        <spirit:parameters>
          <spirit:parameter>
            <spirit:name>viewChecksum</spirit:name>
            <spirit:value>16328387</spirit:value>
          </spirit:parameter>
        </spirit:parameters>
      </spirit:view>
    </spirit:views>
    <spirit:ports>
      <spirit:port>
        <spirit:name>clk</spirit:name>
        <spirit:wire>
          <spirit:direction>in</spirit:direction>
          <spirit:wireTypeDefs>
            <spirit:wireTypeDef>
              <spirit:typeName>std_logic</spirit:typeName>
              <spirit:viewNameRef>xilinx_vhdlsynthesis</spirit:viewNameRef>
              <spirit:viewNameRef>xilinx_vhdlbehavioralsimulation</spirit:viewNameRef>
            </spirit:wireTypeDef>
          </spirit:wireTypeDefs>
        </spirit:wire>
      </spirit:port>
      <spirit:port>
        <spirit:name>vio</spirit:name>
        <spirit:wire>
          <spirit:direction>in</spirit:direction>
          <spirit:vector>
            <spirit:left spirit:format="long">15</spirit:left>
            <spirit:right spirit:format="long">0</spirit:right>
          </spirit:vector>
          <spirit:wireTypeDefs>
            <spirit:wireTypeDef>
              <spirit:typeName>std_logic_vector</spirit:typeName>
              <spirit:viewNameRef>xilinx_vhdlsynthesis</spirit:viewNameRef>
              <spirit:viewNameRef>xilinx_vhdlbehavioralsimulation</spirit:viewNameRef>
            </spirit:wireTypeDef>
          </spirit:wireTypeDefs>
        </spirit:wire>
      </spirit:port>
      <spirit:port>
        <spirit:name>pwm</spirit:name>
        <spirit:wire>
          <spirit:direction>out</spirit:direction>
          <spirit:wireTypeDefs>
            <spirit:wireTypeDef>
              <spirit:typeName>std_logic</spirit:typeName>
              <spirit:viewNameRef>xilinx_vhdlsynthesis</spirit:viewNameRef>
              <spirit:viewNameRef>xilinx_vhdlbehavioralsimulation</spirit:viewNameRef>
            </spirit:wireTypeDef>
          </spirit:wireTypeDefs>
        </spirit:wire>
      </spirit:port>
      <spirit:port>
        <spirit:name>s00_axi_aclk</spirit:name>
        <spirit:wire>
          <spirit:direction>in</spirit:direction>
          <spirit:wireTypeDefs>
            <spirit:wireTypeDef>
              <spirit:typeName>std_logic</spirit:typeName>
              <spirit:viewNameRef>xilinx_vhdlsynthesis</spirit:viewNameRef>
              <spirit:viewNameRef>xilinx_vhdlbehavioralsimulation</spirit:viewNameRef>
            </spirit:wireTypeDef>
          </spirit:wireTypeDefs>
        </spirit:wire>
      </spirit:port>
      <spirit:port>
        <spirit:name>s00_axi_aresetn</spirit:name>
        <spirit:wire>
          <spirit:direction>in</spirit:direction>
          <spirit:wireTypeDefs>
            <spirit:wireTypeDef>
              <spirit:typeName>std_logic</spirit:typeName>
              <spirit:viewNameRef>xilinx_vhdlsynthesis</spirit:viewNameRef>
              <spirit:viewNameRef>xilinx_vhdlbehavioralsimulation</spirit:viewNameRef>
            </spirit:wireTypeDef>
          </spirit:wireTypeDefs>
        </spirit:wire>
      </spirit:port>
      <spirit:port>
        <spirit:name>s00_axi_awaddr</spirit:name>
        <spirit:wire>
          <spirit:direction>in</spirit:direction>
          <spirit:vector>
            <spirit:left spirit:format="long" spirit:resolve="dependent" spirit:dependency="(spirit:decode(id(&apos;MODELPARAM_VALUE.C_S00_AXI_ADDR_WIDTH&apos;)) - 1)">3</spirit:left>
            <spirit:right spirit:format="long">0</spirit:right>
          </spirit:vector>
          <spirit:wireTypeDefs>
            <spirit:wireTypeDef>
              <spirit:typeName>std_logic_vector</spirit:typeName>
              <spirit:viewNameRef>xilinx_vhdlsynthesis</spirit:viewNameRef>
              <spirit:viewNameRef>xilinx_vhdlbehavioralsimulation</spirit:viewNameRef>
            </spirit:wireTypeDef>
          </spirit:wireTypeDefs>
        </spirit:wire>
      </spirit:port>
      <spirit:port>
        <spirit:name>s00_axi_awprot</spirit:name>
        <spirit:wire>
          <spirit:direction>in</spirit:direction>
          <spirit:vector>
            <spirit:left spirit:format="long">2</spirit:left>
            <spirit:right spirit:format="long">0</spirit:right>
          </spirit:vector>
          <spirit:wireTypeDefs>
            <spirit:wireTypeDef>
              <spirit:typeName>std_logic_vector</spirit:typeName>
              <spirit:viewNameRef>xilinx_vhdlsynthesis</spirit:viewNameRef>
              <spirit:viewNameRef>xilinx_vhdlbehavioralsimulation</spirit:viewNameRef>
            </spirit:wireTypeDef>
          </spirit:wireTypeDefs>
        </spirit:wire>
      </spirit:port>
      <spirit:port>
        <spirit:name>s00_axi_awvalid</spirit:name>
        <spirit:wire>
          <spirit:direction>in</spirit:direction>
          <spirit:wireTypeDefs>
            <spirit:wireTypeDef>
              <spirit:typeName>std_logic</spirit:typeName>
              <spirit:viewNameRef>xilinx_vhdlsynthesis</spirit:viewNameRef>
              <spirit:viewNameRef>xilinx_vhdlbehavioralsimulation</spirit:viewNameRef>
            </spirit:wireTypeDef>
          </spirit:wireTypeDefs>
        </spirit:wire>
      </spirit:port>
      <spirit:port>
        <spirit:name>s00_axi_awready</spirit:name>
        <spirit:wire>
          <spirit:direction>out</spirit:direction>
          <spirit:wireTypeDefs>
            <spirit:wireTypeDef>
              <spirit:typeName>std_logic</spirit:typeName>
              <spirit:viewNameRef>xilinx_vhdlsynthesis</spirit:viewNameRef>
              <spirit:viewNameRef>xilinx_vhdlbehavioralsimulation</spirit:viewNameRef>
            </spirit:wireTypeDef>
          </spirit:wireTypeDefs>
        </spirit:wire>
      </spirit:port>
      <spirit:port>
        <spirit:name>s00_axi_wdata</spirit:name>
        <spirit:wire>
          <spirit:direction>in</spirit:direction>
          <spirit:vector>
            <spirit:left spirit:format="long" spirit:resolve="dependent" spirit:dependency="(spirit:decode(id(&apos;MODELPARAM_VALUE.C_S00_AXI_DATA_WIDTH&apos;)) - 1)">31</spirit:left>
            <spirit:right spirit:format="long">0</spirit:right>
          </spirit:vector>
          <spirit:wireTypeDefs>
            <spirit:wireTypeDef>
              <spirit:typeName>std_logic_vector</spirit:typeName>
              <spirit:viewNameRef>xilinx_vhdlsynthesis</spirit:viewNameRef>
              <spirit:viewNameRef>xilinx_vhdlbehavioralsimulation</spirit:viewNameRef>
            </spirit:wireTypeDef>
          </spirit:wireTypeDefs>
        </spirit:wire>
      </spirit:port>
      <spirit:port>
        <spirit:name>s00_axi_wstrb</spirit:name>
        <spirit:wire>
          <spirit:direction>in</spirit:direction>
          <spirit:vector>
            <spirit:left spirit:format="long" spirit:resolve="dependent" spirit:dependency="((spirit:decode(id(&apos;MODELPARAM_VALUE.C_S00_AXI_DATA_WIDTH&apos;)) / 8) - 1)">3</spirit:left>
            <spirit:right spirit:format="long">0</spirit:right>
          </spirit:vector>
          <spirit:wireTypeDefs>
            <spirit:wireTypeDef>
              <spirit:typeName>std_logic_vector</spirit:typeName>
              <spirit:viewNameRef>xilinx_vhdlsynthesis</spirit:viewNameRef>
              <spirit:viewNameRef>xilinx_vhdlbehavioralsimulation</spirit:viewNameRef>
            </spirit:wireTypeDef>
          </spirit:wireTypeDefs>
        </spirit:wire>
      </spirit:port>
      <spirit:port>
        <spirit:name>s00_axi_wvalid</spirit:name>
        <spirit:wire>
          <spirit:direction>in</spirit:direction>
          <spirit:wireTypeDefs>
            <spirit:wireTypeDef>
              <spirit:typeName>std_logic</spirit:typeName>
              <spirit:viewNameRef>xilinx_vhdlsynthesis</spirit:viewNameRef>
              <spirit:viewNameRef>xilinx_vhdlbehavioralsimulation</spirit:viewNameRef>
            </spirit:wireTypeDef>
          </spirit:wireTypeDefs>
        </spirit:wire>
      </spirit:port>
      <spirit:port>
        <spirit:name>s00_axi_wready</spirit:name>
        <spirit:wire>
          <spirit:direction>out</spirit:direction>
          <spirit:wireTypeDefs>
            <spirit:wireTypeDef>
              <spirit:typeName>std_logic</spirit:typeName>
              <spirit:viewNameRef>xilinx_vhdlsynthesis</spirit:viewNameRef>
              <spirit:viewNameRef>xilinx_vhdlbehavioralsimulation</spirit:viewNameRef>
            </spirit:wireTypeDef>
          </spirit:wireTypeDefs>
        </spirit:wire>
      </spirit:port>
      <spirit:port>
        <spirit:name>s00_axi_bresp</spirit:name>
        <spirit:wire>
          <spirit:direction>out</spirit:direction>
          <spirit:vector>
            <spirit:left spirit:format="long">1</spirit:left>
            <spirit:right spirit:format="long">0</spirit:right>
          </spirit:vector>
          <spirit:wireTypeDefs>
            <spirit:wireTypeDef>
              <spirit:typeName>std_logic_vector</spirit:typeName>
              <spirit:viewNameRef>xilinx_vhdlsynthesis</spirit:viewNameRef>
              <spirit:viewNameRef>xilinx_vhdlbehavioralsimulation</spirit:viewNameRef>
            </spirit:wireTypeDef>
          </spirit:wireTypeDefs>
        </spirit:wire>
      </spirit:port>
      <spirit:port>
        <spirit:name>s00_axi_bvalid</spirit:name>
        <spirit:wire>
          <spirit:direction>out</spirit:direction>
          <spirit:wireTypeDefs>
            <spirit:wireTypeDef>
              <spirit:typeName>std_logic</spirit:typeName>
              <spirit:viewNameRef>xilinx_vhdlsynthesis</spirit:viewNameRef>
              <spirit:viewNameRef>xilinx_vhdlbehavioralsimulation</spirit:viewNameRef>
            </spirit:wireTypeDef>
          </spirit:wireTypeDefs>
        </spirit:wire>
      </spirit:port>
      <spirit:port>
        <spirit:name>s00_axi_bready</spirit:name>
        <spirit:wire>
          <spirit:direction>in</spirit:direction>
          <spirit:wireTypeDefs>
            <spirit:wireTypeDef>
              <spirit:typeName>std_logic</spirit:typeName>
              <spirit:viewNameRef>xilinx_vhdlsynthesis</spirit:viewNameRef>
              <spirit:viewNameRef>xilinx_vhdlbehavioralsimulation</spirit:viewNameRef>
            </spirit:wireTypeDef>
          </spirit:wireTypeDefs>
        </spirit:wire>
      </spirit:port>
      <spirit:port>
        <spirit:name>s00_axi_araddr</spirit:name>
        <spirit:wire>
          <spirit:direction>in</spirit:direction>
          <spirit:vector>
            <spirit:left spirit:format="long" spirit:resolve="dependent" spirit:dependency="(spirit:decode(id(&apos;MODELPARAM_VALUE.C_S00_AXI_ADDR_WIDTH&apos;)) - 1)">3</spirit:left>
            <spirit:right spirit:format="long">0</spirit:right>
          </spirit:vector>
          <spirit:wireTypeDefs>
            <spirit:wireTypeDef>
              <spirit:typeName>std_logic_vector</spirit:typeName>
              <spirit:viewNameRef>xilinx_vhdlsynthesis</spirit:viewNameRef>
              <spirit:viewNameRef>xilinx_vhdlbehavioralsimulation</spirit:viewNameRef>
            </spirit:wireTypeDef>
          </spirit:wireTypeDefs>
        </spirit:wire>
      </spirit:port>
      <spirit:port>
        <spirit:name>s00_axi_arprot</spirit:name>
        <spirit:wire>
          <spirit:direction>in</spirit:direction>
          <spirit:vector>
            <spirit:left spirit:format="long">2</spirit:left>
            <spirit:right spirit:format="long">0</spirit:right>
          </spirit:vector>
          <spirit:wireTypeDefs>
            <spirit:wireTypeDef>
              <spirit:typeName>std_logic_vector</spirit:typeName>
              <spirit:viewNameRef>xilinx_vhdlsynthesis</spirit:viewNameRef>
              <spirit:viewNameRef>xilinx_vhdlbehavioralsimulation</spirit:viewNameRef>
            </spirit:wireTypeDef>
          </spirit:wireTypeDefs>
        </spirit:wire>
      </spirit:port>
      <spirit:port>
        <spirit:name>s00_axi_arvalid</spirit:name>
        <spirit:wire>
          <spirit:direction>in</spirit:direction>
          <spirit:wireTypeDefs>
            <spirit:wireTypeDef>
              <spirit:typeName>std_logic</spirit:typeName>
              <spirit:viewNameRef>xilinx_vhdlsynthesis</spirit:viewNameRef>
              <spirit:viewNameRef>xilinx_vhdlbehavioralsimulation</spirit:viewNameRef>
            </spirit:wireTypeDef>
          </spirit:wireTypeDefs>
        </spirit:wire>
      </spirit:port>
      <spirit:port>
        <spirit:name>s00_axi_arready</spirit:name>
        <spirit:wire>
          <spirit:direction>out</spirit:direction>
          <spirit:wireTypeDefs>
            <spirit:wireTypeDef>
              <spirit:typeName>std_logic</spirit:typeName>
              <spirit:viewNameRef>xilinx_vhdlsynthesis</spirit:viewNameRef>
              <spirit:viewNameRef>xilinx_vhdlbehavioralsimulation</spirit:viewNameRef>
            </spirit:wireTypeDef>
          </spirit:wireTypeDefs>
        </spirit:wire>
      </spirit:port>
      <spirit:port>
        <spirit:name>s00_axi_rdata</spirit:name>
        <spirit:wire>
          <spirit:direction>out</spirit:direction>
          <spirit:vector>
            <spirit:left spirit:format="long" spirit:resolve="dependent" spirit:dependency="(spirit:decode(id(&apos;MODELPARAM_VALUE.C_S00_AXI_DATA_WIDTH&apos;)) - 1)">31</spirit:left>
            <spirit:right spirit:format="long">0</spirit:right>
          </spirit:vector>
          <spirit:wireTypeDefs>
            <spirit:wireTypeDef>
              <spirit:typeName>std_logic_vector</spirit:typeName>
              <spirit:viewNameRef>xilinx_vhdlsynthesis</spirit:viewNameRef>
              <spirit:viewNameRef>xilinx_vhdlbehavioralsimulation</spirit:viewNameRef>
            </spirit:wireTypeDef>
          </spirit:wireTypeDefs>
        </spirit:wire>
      </spirit:port>
      <spirit:port>
        <spirit:name>s00_axi_rresp</spirit:name>
        <spirit:wire>
          <spirit:direction>out</spirit:direction>
          <spirit:vector>
            <spirit:left spirit:format="long">1</spirit:left>
            <spirit:right spirit:format="long">0</spirit:right>
          </spirit:vector>
          <spirit:wireTypeDefs>
            <spirit:wireTypeDef>
              <spirit:typeName>std_logic_vector</spirit:typeName>
              <spirit:viewNameRef>xilinx_vhdlsynthesis</spirit:viewNameRef>
              <spirit:viewNameRef>xilinx_vhdlbehavioralsimulation</spirit:viewNameRef>
            </spirit:wireTypeDef>
          </spirit:wireTypeDefs>
        </spirit:wire>
      </spirit:port>
      <spirit:port>
        <spirit:name>s00_axi_rvalid</spirit:name>
        <spirit:wire>
          <spirit:direction>out</spirit:direction>
          <spirit:wireTypeDefs>
            <spirit:wireTypeDef>
              <spirit:typeName>std_logic</spirit:typeName>
              <spirit:viewNameRef>xilinx_vhdlsynthesis</spirit:viewNameRef>
              <spirit:viewNameRef>xilinx_vhdlbehavioralsimulation</spirit:viewNameRef>
            </spirit:wireTypeDef>
          </spirit:wireTypeDefs>
        </spirit:wire>
      </spirit:port>
      <spirit:port>
        <spirit:name>s00_axi_rready</spirit:name>
        <spirit:wire>
          <spirit:direction>in</spirit:direction>
          <spirit:wireTypeDefs>
            <spirit:wireTypeDef>
              <spirit:typeName>std_logic</spirit:typeName>
              <spirit:viewNameRef>xilinx_vhdlsynthesis</spirit:viewNameRef>
              <spirit:viewNameRef>xilinx_vhdlbehavioralsimulation</spirit:viewNameRef>
            </spirit:wireTypeDef>
          </spirit:wireTypeDefs>
        </spirit:wire>
      </spirit:port>
    </spirit:ports>
    <spirit:modelParameters>
      <spirit:modelParameter xsi:type="spirit:nameValueTypeType" spirit:dataType="integer">
        <spirit:name>C_S00_AXI_DATA_WIDTH</spirit:name>
        <spirit:displayName>C S00 AXI DATA WIDTH</spirit:displayName>
        <spirit:description>Width of S_AXI data bus</spirit:description>
        <spirit:value spirit:format="long" spirit:resolve="generated" spirit:id="MODELPARAM_VALUE.C_S00_AXI_DATA_WIDTH" spirit:order="3" spirit:rangeType="long">32</spirit:value>
      </spirit:modelParameter>
      <spirit:modelParameter spirit:dataType="integer">
        <spirit:name>C_S00_AXI_ADDR_WIDTH</spirit:name>
        <spirit:displayName>C S00 AXI ADDR WIDTH</spirit:displayName>
        <spirit:description>Width of S_AXI address bus</spirit:description>
        <spirit:value spirit:format="long" spirit:resolve="generated" spirit:id="MODELPARAM_VALUE.C_S00_AXI_ADDR_WIDTH" spirit:order="4" spirit:rangeType="long">4</spirit:value>
      </spirit:modelParameter>
      <spirit:modelParameter spirit:dataType="integer">
        <spirit:name>SAMPLE_RATE</spirit:name>
        <spirit:displayName>Sample Rate</spirit:displayName>
        <spirit:value spirit:format="long" spirit:resolve="generated" spirit:id="MODELPARAM_VALUE.SAMPLE_RATE">12500</spirit:value>
      </spirit:modelParameter>
    </spirit:modelParameters>
  </spirit:model>
  <spirit:choices>
    <spirit:choice>
      <spirit:name>choice_list_6fc15197</spirit:name>
      <spirit:enumeration>32</spirit:enumeration>
    </spirit:choice>
    <spirit:choice>
      <spirit:name>choice_list_9d8b0d81</spirit:name>
      <spirit:enumeration>ACTIVE_HIGH</spirit:enumeration>
      <spirit:enumeration>ACTIVE_LOW</spirit:enumeration>
    </spirit:choice>
    <spirit:choice>
      <spirit:name>choice_pairs_ce1226b1</spirit:name>
      <spirit:enumeration spirit:text="true">1</spirit:enumeration>
      <spirit:enumeration spirit:text="false">0</spirit:enumeration>
    </spirit:choice>
  </spirit:choices>
  <spirit:fileSets>
    <spirit:fileSet>
      <spirit:name>xilinx_vhdlsynthesis_view_fileset</spirit:name>
      <spirit:file>
        <spirit:name>hdl/axi_buzzer_v1_0_S00_AXI.vhd</spirit:name>
        <spirit:fileType>vhdlSource</spirit:fileType>
      </spirit:file>
      <spirit:file>
        <spirit:name>../proportional_pwm.vhd</spirit:name>
        <spirit:fileType>vhdlSource</spirit:fileType>
      </spirit:file>
      <spirit:file>
        <spirit:name>hdl/axi_buzzer_v1_0.vhd</spirit:name>
        <spirit:fileType>vhdlSource</spirit:fileType>
        <spirit:userFileType>CHECKSUM_bdd6586c</spirit:userFileType>
      </spirit:file>
    </spirit:fileSet>
    <spirit:fileSet>
      <spirit:name>xilinx_vhdlbehavioralsimulation_view_fileset</spirit:name>
      <spirit:file>
        <spirit:name>hdl/axi_buzzer_v1_0_S00_AXI.vhd</spirit:name>
        <spirit:fileType>vhdlSource</spirit:fileType>
      </spirit:file>
      <spirit:file>
        <spirit:name>../proportional_pwm.vhd</spirit:name>
        <spirit:fileType>vhdlSource</spirit:fileType>
      </spirit:file>
      <spirit:file>
        <spirit:name>hdl/axi_buzzer_v1_0.vhd</spirit:name>
        <spirit:fileType>vhdlSource</spirit:fileType>
      </spirit:file>
    </spirit:fileSet>
    <spirit:fileSet>
      <spirit:name>xilinx_xpgui_view_fileset</spirit:name>
      <spirit:file>
        <spirit:name>xgui/axi_buzzer_v1_0.tcl</spirit:name>
        <spirit:fileType>tclSource</spirit:fileType>
        <spirit:userFileType>CHECKSUM_4f0b8ea1</spirit:userFileType>
        <spirit:userFileType>XGUI_VERSION_2</spirit:userFileType>
      </spirit:file>
    </spirit:fileSet>
    <spirit:fileSet>
      <spirit:name>bd_tcl_view_fileset</spirit:name>
      <spirit:file>
        <spirit:name>bd/bd.tcl</spirit:name>
        <spirit:fileType>tclSource</spirit:fileType>
      </spirit:file>
    </spirit:fileSet>
  </spirit:fileSets>
  <spirit:description>My new AXI IP</spirit:description>
  <spirit:parameters>
    <spirit:parameter>
      <spirit:name>C_S00_AXI_DATA_WIDTH</spirit:name>
      <spirit:displayName>C S00 AXI DATA WIDTH</spirit:displayName>
      <spirit:description>Width of S_AXI data bus</spirit:description>
      <spirit:value spirit:format="long" spirit:resolve="user" spirit:id="PARAM_VALUE.C_S00_AXI_DATA_WIDTH" spirit:choiceRef="choice_list_6fc15197" spirit:order="3">32</spirit:value>
      <spirit:vendorExtensions>
        <xilinx:parameterInfo>
          <xilinx:enablement>
            <xilinx:isEnabled xilinx:id="PARAM_ENABLEMENT.C_S00_AXI_DATA_WIDTH">false</xilinx:isEnabled>
          </xilinx:enablement>
        </xilinx:parameterInfo>
      </spirit:vendorExtensions>
    </spirit:parameter>
    <spirit:parameter>
      <spirit:name>C_S00_AXI_ADDR_WIDTH</spirit:name>
      <spirit:displayName>C S00 AXI ADDR WIDTH</spirit:displayName>
      <spirit:description>Width of S_AXI address bus</spirit:description>
      <spirit:value spirit:format="long" spirit:resolve="user" spirit:id="PARAM_VALUE.C_S00_AXI_ADDR_WIDTH" spirit:order="4" spirit:rangeType="long">4</spirit:value>
      <spirit:vendorExtensions>
        <xilinx:parameterInfo>
          <xilinx:enablement>
            <xilinx:isEnabled xilinx:id="PARAM_ENABLEMENT.C_S00_AXI_ADDR_WIDTH">false</xilinx:isEnabled>
          </xilinx:enablement>
        </xilinx:parameterInfo>
      </spirit:vendorExtensions>
    </spirit:parameter>
    <spirit:parameter>
      <spirit:name>C_S00_AXI_BASEADDR</spirit:name>
      <spirit:displayName>C S00 AXI BASEADDR</spirit:displayName>
      <spirit:value spirit:format="bitString" spirit:resolve="user" spirit:id="PARAM_VALUE.C_S00_AXI_BASEADDR" spirit:order="5" spirit:bitStringLength="32">0xFFFFFFFF</spirit:value>
      <spirit:vendorExtensions>
        <xilinx:parameterInfo>
          <xilinx:enablement>
            <xilinx:isEnabled xilinx:id="PARAM_ENABLEMENT.C_S00_AXI_BASEADDR">false</xilinx:isEnabled>
          </xilinx:enablement>
        </xilinx:parameterInfo>
      </spirit:vendorExtensions>
    </spirit:parameter>
    <spirit:parameter>
      <spirit:name>C_S00_AXI_HIGHADDR</spirit:name>
      <spirit:displayName>C S00 AXI HIGHADDR</spirit:displayName>
      <spirit:value spirit:format="bitString" spirit:resolve="user" spirit:id="PARAM_VALUE.C_S00_AXI_HIGHADDR" spirit:order="6" spirit:bitStringLength="32">0x00000000</spirit:value>
      <spirit:vendorExtensions>
        <xilinx:parameterInfo>
          <xilinx:enablement>
            <xilinx:isEnabled xilinx:id="PARAM_ENABLEMENT.C_S00_AXI_HIGHADDR">false</xilinx:isEnabled>
          </xilinx:enablement>
        </xilinx:parameterInfo>
      </spirit:vendorExtensions>
    </spirit:parameter>
    <spirit:parameter>
      <spirit:name>Component_Name</spirit:name>
      <spirit:value spirit:resolve="user" spirit:id="PARAM_VALUE.Component_Name" spirit:order="1">axi_buzzer_v1_0</spirit:value>
    </spirit:parameter>
    <spirit:parameter>
      <spirit:name>SAMPLE_RATE</spirit:name>
      <spirit:displayName>Sample Rate</spirit:displayName>
      <spirit:value spirit:format="long" spirit:resolve="user" spirit:id="PARAM_VALUE.SAMPLE_RATE">12500</spirit:value>
    </spirit:parameter>
  </spirit:parameters>
  <spirit:vendorExtensions>
    <xilinx:coreExtensions>
      <xilinx:supportedFamilies>
        <xilinx:family xilinx:lifeCycle="Pre-Production">zynq</xilinx:family>
      </xilinx:supportedFamilies>
      <xilinx:taxonomies>
        <xilinx:taxonomy>AXI_Peripheral</xilinx:taxonomy>
      </xilinx:taxonomies>
      <xilinx:displayName>axi_buzzer_v1.0</xilinx:displayName>
      <xilinx:coreRevision>5</xilinx:coreRevision>
      <xilinx:coreCreationDateTime>2025-07-04T22:59:44Z</xilinx:coreCreationDateTime>
      <xilinx:tags>
        <xilinx:tag xilinx:name="ui.data.coregen.dd@3938b4c3_ARCHIVE_LOCATION">d:/proyectosep2/IEE2463-SEP-Proyecto-2-Z8/ipcore/axi_buzzer_1.0</xilinx:tag>
        <xilinx:tag xilinx:name="ui.data.coregen.dd@4130d601_ARCHIVE_LOCATION">d:/proyectosep2/IEE2463-SEP-Proyecto-2-Z8/ipcore/axi_buzzer_1.0</xilinx:tag>
        <xilinx:tag xilinx:name="ui.data.coregen.dd@4c8eb613_ARCHIVE_LOCATION">d:/proyectosep2/IEE2463-SEP-Proyecto-2-Z8/ipcore/axi_buzzer_1.0</xilinx:tag>
        <xilinx:tag xilinx:name="ui.data.coregen.dd@1de84f19_ARCHIVE_LOCATION">d:/proyectosep2/IEE2463-SEP-Proyecto-2-Z8/ipcore/axi_buzzer_1.0</xilinx:tag>
        <xilinx:tag xilinx:name="ui.data.coregen.dd@5e5e1d9d_ARCHIVE_LOCATION">d:/proyectosep2/IEE2463-SEP-Proyecto-2-Z8/ipcore/axi_buzzer_1.0</xilinx:tag>
        <xilinx:tag xilinx:name="ui.data.coregen.dd@3f1c7b16_ARCHIVE_LOCATION">d:/proyectosep2/IEE2463-SEP-Proyecto-2-Z8/ipcore/axi_buzzer_1.0</xilinx:tag>
        <xilinx:tag xilinx:name="ui.data.coregen.dd@13d3ef59_ARCHIVE_LOCATION">d:/proyectosep2/IEE2463-SEP-Proyecto-2-Z8/ipcore/axi_buzzer_1.0</xilinx:tag>
        <xilinx:tag xilinx:name="ui.data.coregen.dd@2c17f0f_ARCHIVE_LOCATION">d:/proyectosep2/IEE2463-SEP-Proyecto-2-Z8/ipcore/axi_buzzer_1.0</xilinx:tag>
        <xilinx:tag xilinx:name="ui.data.coregen.dd@203f957f_ARCHIVE_LOCATION">d:/proyectosep2/IEE2463-SEP-Proyecto-2-Z8/ipcore/axi_buzzer_1.0</xilinx:tag>
        <xilinx:tag xilinx:name="ui.data.coregen.dd@4640237a_ARCHIVE_LOCATION">d:/proyectosep2/IEE2463-SEP-Proyecto-2-Z8/ipcore/axi_buzzer_1.0</xilinx:tag>
        <xilinx:tag xilinx:name="ui.data.coregen.dd@c12305d_ARCHIVE_LOCATION">d:/proyectosep2/IEE2463-SEP-Proyecto-2-Z8/ipcore/axi_buzzer_1.0</xilinx:tag>
        <xilinx:tag xilinx:name="ui.data.coregen.dd@5f906358_ARCHIVE_LOCATION">d:/proyectosep2/IEE2463-SEP-Proyecto-2-Z8/ipcore/axi_buzzer_1.0</xilinx:tag>
        <xilinx:tag xilinx:name="ui.data.coregen.dd@430bc2e1_ARCHIVE_LOCATION">d:/proyectosep2/IEE2463-SEP-Proyecto-2-Z8/ipcore/axi_buzzer_1.0</xilinx:tag>
        <xilinx:tag xilinx:name="ui.data.coregen.dd@3984d5fb_ARCHIVE_LOCATION">d:/proyectosep2/IEE2463-SEP-Proyecto-2-Z8/ipcore/axi_buzzer_1.0</xilinx:tag>
        <xilinx:tag xilinx:name="ui.data.coregen.dd@7c07dbe0_ARCHIVE_LOCATION">d:/proyectosep2/IEE2463-SEP-Proyecto-2-Z8/ipcore/axi_buzzer_1.0</xilinx:tag>
        <xilinx:tag xilinx:name="ui.data.coregen.dd@59a1a4f8_ARCHIVE_LOCATION">d:/proyectosep2/IEE2463-SEP-Proyecto-2-Z8/ipcore/axi_buzzer_1.0</xilinx:tag>
        <xilinx:tag xilinx:name="ui.data.coregen.dd@1dceb251_ARCHIVE_LOCATION">d:/proyectosep2/IEE2463-SEP-Proyecto-2-Z8/ipcore/axi_buzzer_1.0</xilinx:tag>
        <xilinx:tag xilinx:name="ui.data.coregen.dd@38e2fd73_ARCHIVE_LOCATION">d:/proyectosep2/IEE2463-SEP-Proyecto-2-Z8/ipcore/axi_buzzer_1.0</xilinx:tag>
        <xilinx:tag xilinx:name="ui.data.coregen.dd@269a659f_ARCHIVE_LOCATION">d:/proyectosep2/IEE2463-SEP-Proyecto-2-Z8/ipcore/axi_buzzer_1.0</xilinx:tag>
        <xilinx:tag xilinx:name="ui.data.coregen.dd@7b3bd6e7_ARCHIVE_LOCATION">d:/proyectosep2/IEE2463-SEP-Proyecto-2-Z8/ipcore/axi_buzzer_1.0</xilinx:tag>
        <xilinx:tag xilinx:name="ui.data.coregen.dd@522c5174_ARCHIVE_LOCATION">d:/proyectosep2/IEE2463-SEP-Proyecto-2-Z8/ipcore/axi_buzzer_1.0</xilinx:tag>
        <xilinx:tag xilinx:name="ui.data.coregen.dd@750203a8_ARCHIVE_LOCATION">d:/proyectosep2/IEE2463-SEP-Proyecto-2-Z8/ipcore/axi_buzzer_1.0</xilinx:tag>
        <xilinx:tag xilinx:name="ui.data.coregen.dd@46d13750_ARCHIVE_LOCATION">d:/proyectosep2/IEE2463-SEP-Proyecto-2-Z8/ipcore/axi_buzzer_1.0</xilinx:tag>
        <xilinx:tag xilinx:name="ui.data.coregen.dd@6ed688b7_ARCHIVE_LOCATION">d:/proyectosep2/IEE2463-SEP-Proyecto-2-Z8/ipcore/axi_buzzer_1.0</xilinx:tag>
        <xilinx:tag xilinx:name="ui.data.coregen.dd@35543e87_ARCHIVE_LOCATION">d:/proyectosep2/IEE2463-SEP-Proyecto-2-Z8/ipcore/axi_buzzer_1.0</xilinx:tag>
        <xilinx:tag xilinx:name="ui.data.coregen.dd@3534215d_ARCHIVE_LOCATION">d:/proyectosep2/IEE2463-SEP-Proyecto-2-Z8/ipcore/axi_buzzer_1.0</xilinx:tag>
        <xilinx:tag xilinx:name="ui.data.coregen.dd@32baf7ac_ARCHIVE_LOCATION">d:/proyectosep2/IEE2463-SEP-Proyecto-2-Z8/ipcore/axi_buzzer_1.0</xilinx:tag>
        <xilinx:tag xilinx:name="ui.data.coregen.dd@6dfe8b1d_ARCHIVE_LOCATION">d:/proyectosep2/IEE2463-SEP-Proyecto-2-Z8/ipcore/axi_buzzer_1.0</xilinx:tag>
        <xilinx:tag xilinx:name="ui.data.coregen.dd@77684bbd_ARCHIVE_LOCATION">d:/proyectosep2/IEE2463-SEP-Proyecto-2-Z8/ipcore/axi_buzzer_1.0</xilinx:tag>
        <xilinx:tag xilinx:name="ui.data.coregen.dd@76678fc4_ARCHIVE_LOCATION">d:/proyectosep2/IEE2463-SEP-Proyecto-2-Z8/ipcore/axi_buzzer_1.0</xilinx:tag>
        <xilinx:tag xilinx:name="ui.data.coregen.dd@1b47ac92_ARCHIVE_LOCATION">d:/proyectosep2/IEE2463-SEP-Proyecto-2-Z8/ipcore/axi_buzzer_1.0</xilinx:tag>
        <xilinx:tag xilinx:name="ui.data.coregen.dd@563db99d_ARCHIVE_LOCATION">d:/proyectosep2/IEE2463-SEP-Proyecto-2-Z8/ipcore/axi_buzzer_1.0</xilinx:tag>
        <xilinx:tag xilinx:name="ui.data.coregen.dd@124c1489_ARCHIVE_LOCATION">d:/proyectosep2/IEE2463-SEP-Proyecto-2-Z8/ipcore/axi_buzzer_1.0</xilinx:tag>
        <xilinx:tag xilinx:name="ui.data.coregen.dd@7bca5e11_ARCHIVE_LOCATION">d:/proyectosep2/IEE2463-SEP-Proyecto-2-Z8/ipcore/axi_buzzer_1.0</xilinx:tag>
        <xilinx:tag xilinx:name="ui.data.coregen.dd@73dd45a1_ARCHIVE_LOCATION">d:/proyectosep2/IEE2463-SEP-Proyecto-2-Z8/ipcore/axi_buzzer_1.0</xilinx:tag>
        <xilinx:tag xilinx:name="ui.data.coregen.dd@6528be44_ARCHIVE_LOCATION">d:/proyectosep2/IEE2463-SEP-Proyecto-2-Z8/ipcore/axi_buzzer_1.0</xilinx:tag>
        <xilinx:tag xilinx:name="ui.data.coregen.dd@24b30dd6_ARCHIVE_LOCATION">d:/proyectosep2/IEE2463-SEP-Proyecto-2-Z8/ipcore/axi_buzzer_1.0</xilinx:tag>
        <xilinx:tag xilinx:name="ui.data.coregen.dd@ff80ecb_ARCHIVE_LOCATION">d:/proyectosep2/IEE2463-SEP-Proyecto-2-Z8/ipcore/axi_buzzer_1.0</xilinx:tag>
        <xilinx:tag xilinx:name="ui.data.coregen.dd@49585e42_ARCHIVE_LOCATION">d:/proyectosep2/IEE2463-SEP-Proyecto-2-Z8/ipcore/axi_buzzer_1.0</xilinx:tag>
        <xilinx:tag xilinx:name="ui.data.coregen.dd@76b3955_ARCHIVE_LOCATION">d:/proyectosep2/IEE2463-SEP-Proyecto-2-Z8/ipcore/axi_buzzer_1.0</xilinx:tag>
        <xilinx:tag xilinx:name="ui.data.coregen.dd@4014b8bb_ARCHIVE_LOCATION">d:/proyectosep2/IEE2463-SEP-Proyecto-2-Z8/ipcore/axi_buzzer_1.0</xilinx:tag>
        <xilinx:tag xilinx:name="ui.data.coregen.dd@42cee532_ARCHIVE_LOCATION">d:/proyectosep2/IEE2463-SEP-Proyecto-2-Z8/ipcore/axi_buzzer_1.0</xilinx:tag>
        <xilinx:tag xilinx:name="ui.data.coregen.dd@6e4151_ARCHIVE_LOCATION">d:/proyectosep2/IEE2463-SEP-Proyecto-2-Z8/ipcore/axi_buzzer_1.0</xilinx:tag>
        <xilinx:tag xilinx:name="ui.data.coregen.dd@21c6978b_ARCHIVE_LOCATION">d:/proyectosep2/IEE2463-SEP-Proyecto-2-Z8/ipcore/axi_buzzer_1.0</xilinx:tag>
        <xilinx:tag xilinx:name="ui.data.coregen.dd@46a511b5_ARCHIVE_LOCATION">d:/proyectosep2/IEE2463-SEP-Proyecto-2-Z8/ipcore/axi_buzzer_1.0</xilinx:tag>
        <xilinx:tag xilinx:name="ui.data.coregen.dd@576b5ef_ARCHIVE_LOCATION">d:/proyectosep2/IEE2463-SEP-Proyecto-2-Z8/ipcore/axi_buzzer_1.0</xilinx:tag>
        <xilinx:tag xilinx:name="ui.data.coregen.dd@22bdb6f_ARCHIVE_LOCATION">d:/proyectosep2/IEE2463-SEP-Proyecto-2-Z8/ipcore/axi_buzzer_1.0</xilinx:tag>
        <xilinx:tag xilinx:name="ui.data.coregen.dd@73ac3f49_ARCHIVE_LOCATION">d:/proyectosep2/IEE2463-SEP-Proyecto-2-Z8/ipcore/axi_buzzer_1.0</xilinx:tag>
        <xilinx:tag xilinx:name="ui.data.coregen.dd@11149715_ARCHIVE_LOCATION">d:/proyectosep2/IEE2463-SEP-Proyecto-2-Z8/ipcore/axi_buzzer_1.0</xilinx:tag>
        <xilinx:tag xilinx:name="ui.data.coregen.dd@74071cb9_ARCHIVE_LOCATION">d:/proyectosep2/IEE2463-SEP-Proyecto-2-Z8/ipcore/axi_buzzer_1.0</xilinx:tag>
        <xilinx:tag xilinx:name="ui.data.coregen.dd@79532915_ARCHIVE_LOCATION">d:/proyectosep2/IEE2463-SEP-Proyecto-2-Z8/ipcore/axi_buzzer_1.0</xilinx:tag>
        <xilinx:tag xilinx:name="ui.data.coregen.dd@2f11afec_ARCHIVE_LOCATION">d:/proyectosep2/IEE2463-SEP-Proyecto-2-Z8/ipcore/axi_buzzer_1.0</xilinx:tag>
        <xilinx:tag xilinx:name="ui.data.coregen.dd@67db3f2d_ARCHIVE_LOCATION">d:/proyectosep2/IEE2463-SEP-Proyecto-2-Z8/ipcore/axi_buzzer_1.0</xilinx:tag>
        <xilinx:tag xilinx:name="ui.data.coregen.dd@6511aca0_ARCHIVE_LOCATION">d:/proyectosep2/IEE2463-SEP-Proyecto-2-Z8/ipcore/axi_buzzer_1.0</xilinx:tag>
        <xilinx:tag xilinx:name="ui.data.coregen.dd@4888a447_ARCHIVE_LOCATION">d:/proyectosep2/IEE2463-SEP-Proyecto-2-Z8/ipcore/axi_buzzer_1.0</xilinx:tag>
        <xilinx:tag xilinx:name="ui.data.coregen.dd@75f128b4_ARCHIVE_LOCATION">d:/proyectosep2/IEE2463-SEP-Proyecto-2-Z8/ipcore/axi_buzzer_1.0</xilinx:tag>
        <xilinx:tag xilinx:name="ui.data.coregen.dd@7394f505_ARCHIVE_LOCATION">d:/proyectosep2/IEE2463-SEP-Proyecto-2-Z8/ipcore/axi_buzzer_1.0</xilinx:tag>
        <xilinx:tag xilinx:name="ui.data.coregen.dd@757f0d1d_ARCHIVE_LOCATION">d:/proyectosep2/IEE2463-SEP-Proyecto-2-Z8/ipcore/axi_buzzer_1.0</xilinx:tag>
        <xilinx:tag xilinx:name="ui.data.coregen.dd@50857ee9_ARCHIVE_LOCATION">d:/proyectosep2/IEE2463-SEP-Proyecto-2-Z8/ipcore/axi_buzzer_1.0</xilinx:tag>
        <xilinx:tag xilinx:name="ui.data.coregen.dd@4be46d81_ARCHIVE_LOCATION">d:/proyectosep2/IEE2463-SEP-Proyecto-2-Z8/ipcore/axi_buzzer_1.0</xilinx:tag>
        <xilinx:tag xilinx:name="ui.data.coregen.dd@2304db2e_ARCHIVE_LOCATION">d:/proyectosep2/IEE2463-SEP-Proyecto-2-Z8/ipcore/axi_buzzer_1.0</xilinx:tag>
        <xilinx:tag xilinx:name="ui.data.coregen.dd@6f114047_ARCHIVE_LOCATION">d:/proyectosep2/IEE2463-SEP-Proyecto-2-Z8/ipcore/axi_buzzer_1.0</xilinx:tag>
        <xilinx:tag xilinx:name="ui.data.coregen.dd@10bad384_ARCHIVE_LOCATION">d:/proyectosep2/IEE2463-SEP-Proyecto-2-Z8/ipcore/axi_buzzer_1.0</xilinx:tag>
        <xilinx:tag xilinx:name="ui.data.coregen.dd@32815355_ARCHIVE_LOCATION">d:/proyectosep2/IEE2463-SEP-Proyecto-2-Z8/ipcore/axi_buzzer_1.0</xilinx:tag>
        <xilinx:tag xilinx:name="ui.data.coregen.dd@4ff54632_ARCHIVE_LOCATION">d:/proyectosep2/IEE2463-SEP-Proyecto-2-Z8/ipcore/axi_buzzer_1.0</xilinx:tag>
        <xilinx:tag xilinx:name="ui.data.coregen.dd@d12d93d_ARCHIVE_LOCATION">d:/proyectosep2/IEE2463-SEP-Proyecto-2-Z8/ipcore/axi_buzzer_1.0</xilinx:tag>
        <xilinx:tag xilinx:name="ui.data.coregen.dd@6a8daa79_ARCHIVE_LOCATION">d:/proyectosep2/IEE2463-SEP-Proyecto-2-Z8/ipcore/axi_buzzer_1.0</xilinx:tag>
        <xilinx:tag xilinx:name="ui.data.coregen.dd@2b7afa16_ARCHIVE_LOCATION">d:/proyectosep2/IEE2463-SEP-Proyecto-2-Z8/ipcore/axi_buzzer_1.0</xilinx:tag>
        <xilinx:tag xilinx:name="ui.data.coregen.dd@d9182c9_ARCHIVE_LOCATION">d:/proyectosep2/IEE2463-SEP-Proyecto-2-Z8/ipcore/axi_buzzer_1.0</xilinx:tag>
        <xilinx:tag xilinx:name="ui.data.coregen.dd@5cbe0f42_ARCHIVE_LOCATION">d:/proyectosep2/IEE2463-SEP-Proyecto-2-Z8/ipcore/axi_buzzer_1.0</xilinx:tag>
      </xilinx:tags>
    </xilinx:coreExtensions>
    <xilinx:packagingInfo>
      <xilinx:xilinxVersion>2020.1</xilinx:xilinxVersion>
      <xilinx:checksum xilinx:scope="busInterfaces" xilinx:value="a5f4578a"/>
      <xilinx:checksum xilinx:scope="memoryMaps" xilinx:value="ed1368d5"/>
      <xilinx:checksum xilinx:scope="fileGroups" xilinx:value="c06390b5"/>
      <xilinx:checksum xilinx:scope="ports" xilinx:value="f9602722"/>
      <xilinx:checksum xilinx:scope="hdlParameters" xilinx:value="8cc4e050"/>
      <xilinx:checksum xilinx:scope="parameters" xilinx:value="e8d54a8d"/>
    </xilinx:packagingInfo>
  </spirit:vendorExtensions>
</spirit:component>
