<?xml version="1.0" encoding="UTF-8"?>
<GenRun Id="impl_1" LaunchPart="xc7z010clg400-1" LaunchTime="1751817850">
  <File Type="ROUTE-PWR" Name="DEMO_wrapper_power_routed.rpt"/>
  <File Type="PA-TCL" Name="DEMO_wrapper.tcl"/>
  <File Type="ROUTE-PWR-SUM" Name="DEMO_wrapper_power_summary_routed.pb"/>
  <File Type="REPORTS-TCL" Name="DEMO_wrapper_reports.tcl"/>
  <File Type="BITSTR-MSK" Name="DEMO_wrapper.msk"/>
  <File Type="ROUTE-CLK" Name="DEMO_wrapper_clock_utilization_routed.rpt"/>
  <File Type="RDI-RDI" Name="DEMO_wrapper.vdi"/>
  <File Type="BG-BIT" Name="DEMO_wrapper.bit"/>
  <File Type="BG-DRC" Name="DEMO_wrapper.drc"/>
  <File Type="BG-BGN" Name="DEMO_wrapper.bgn"/>
  <File Type="BG-BIN" Name="DEMO_wrapper.bin"/>
  <File Type="BITSTR-RBT" Name="DEMO_wrapper.rbt"/>
  <File Type="BITSTR-NKY" Name="DEMO_wrapper.nky"/>
  <File Type="BITSTR-BMM" Name="DEMO_wrapper_bd.bmm"/>
  <File Type="ROUTE-METHODOLOGY-DRC" Name="DEMO_wrapper_methodology_drc_routed.rpt"/>
  <File Type="BITSTR-MMI" Name="DEMO_wrapper.mmi"/>
  <File Type="BITSTR-SYSDEF" Name="DEMO_wrapper.sysdef"/>
  <File Type="BITSTR-LTX" Name="debug_nets.ltx"/>
  <File Type="BITSTR-LTX" Name="DEMO_wrapper.ltx"/>
  <File Type="WBT-USG" Name="usage_statistics_webtalk.html"/>
  <File Type="OPT-DRC" Name="DEMO_wrapper_drc_opted.rpt"/>
  <File Type="OPT-HWDEF" Name="DEMO_wrapper.hwdef"/>
  <File Type="PLACE-IO" Name="DEMO_wrapper_io_placed.rpt"/>
  <File Type="PLACE-UTIL" Name="DEMO_wrapper_utilization_placed.rpt"/>
  <File Type="PLACE-UTIL-PB" Name="DEMO_wrapper_utilization_placed.pb"/>
  <File Type="PLACE-CTRL" Name="DEMO_wrapper_control_sets_placed.rpt"/>
  <File Type="PLACE-PRE-SIMILARITY" Name="DEMO_wrapper_incremental_reuse_pre_placed.rpt"/>
  <File Type="ROUTE-DRC" Name="DEMO_wrapper_drc_routed.rpt"/>
  <File Type="ROUTE-DRC-PB" Name="DEMO_wrapper_drc_routed.pb"/>
  <File Type="ROUTE-PWR-RPX" Name="DEMO_wrapper_power_routed.rpx"/>
  <File Type="ROUTE-STATUS" Name="DEMO_wrapper_route_status.rpt"/>
  <File Type="ROUTE-STATUS-PB" Name="DEMO_wrapper_route_status.pb"/>
  <File Type="ROUTE-DCP" Name="DEMO_wrapper_routed.dcp"/>
  <File Type="ROUTE-ERROR-DCP" Name="DEMO_wrapper_routed_error.dcp"/>
  <File Type="ROUTE-BLACKBOX-DCP" Name="DEMO_wrapper_routed_bb.dcp"/>
  <File Type="ROUTE-TIMINGSUMMARY" Name="DEMO_wrapper_timing_summary_routed.rpt"/>
  <File Type="ROUTE-TIMING-PB" Name="DEMO_wrapper_timing_summary_routed.pb"/>
  <File Type="ROUTE-TIMING-RPX" Name="DEMO_wrapper_timing_summary_routed.rpx"/>
  <File Type="ROUTE-BUS-SKEW" Name="DEMO_wrapper_bus_skew_routed.rpt"/>
  <File Type="ROUTE-BUS-SKEW-PB" Name="DEMO_wrapper_bus_skew_routed.pb"/>
  <File Type="ROUTE-BUS-SKEW-RPX" Name="DEMO_wrapper_bus_skew_routed.rpx"/>
  <File Type="OPT-DCP" Name="DEMO_wrapper_opt.dcp"/>
  <File Type="PLACE-DCP" Name="DEMO_wrapper_placed.dcp"/>
  <File Type="PWROPT-DCP" Name="DEMO_wrapper_pwropt.dcp"/>
  <File Type="POSTPLACE-PWROPT-DCP" Name="DEMO_wrapper_postplace_pwropt.dcp"/>
  <File Type="PHYSOPT-DCP" Name="DEMO_wrapper_physopt.dcp"/>
  <File Type="POSTROUTE-PHYSOPT-DCP" Name="DEMO_wrapper_postroute_physopt.dcp"/>
  <File Type="POSTROUTE-PHYSOPT-BLACKBOX-DCP" Name="DEMO_wrapper_postroute_physopt_bb.dcp"/>
  <File Type="ROUTE-METHODOLOGY-DRC-PB" Name="DEMO_wrapper_methodology_drc_routed.pb"/>
  <File Type="ROUTE-DRC-RPX" Name="DEMO_wrapper_drc_routed.rpx"/>
  <File Type="ROUTE-METHODOLOGY-DRC-RPX" Name="DEMO_wrapper_methodology_drc_routed.rpx"/>
  <File Type="PDI-FILE" Name="DEMO_wrapper.pdi"/>
  <File Type="RCFI_FILE" Name="DEMO_wrapper.rcfi"/>
  <File Type="CFI_FILE" Name="DEMO_wrapper.cfi"/>
  <File Type="RNPI_FILE" Name="DEMO_wrapper.rnpi"/>
  <File Type="NPI_FILE" Name="DEMO_wrapper.npi"/>
  <File Type="RBD_FILE" Name="DEMO_wrapper.rbd"/>
  <FileSet Name="sources" Type="DesignSrcs" RelSrcDir="$PSRCDIR/sources_1">
    <Filter Type="Srcs"/>
    <File Path="$PSRCDIR/sources_1/new/debouncer.vhd">
      <FileInfo>
        <Attr Name="ImportPath" Val="$PPRDIR/../../../rep2/IEE2463-SEP-Proyecto-2-Z8/input_reader/vivado/vivado.srcs/sources_1/new/debouncer.vhd"/>
        <Attr Name="ImportTime" Val="1749931880"/>
        <Attr Name="UsedIn" Val="synthesis"/>
        <Attr Name="UsedIn" Val="simulation"/>
      </FileInfo>
    </File>
    <File Path="$PSRCDIR/sources_1/bd/DEMO/DEMO.bd">
      <FileInfo>
        <Attr Name="ImportPath" Val="$PPRDIR/../../../U/2025/Primer_semestre/SEP/SEP/Proyecto_Base_Booster_v2/DEMODEFINITIVA/DEMODEFINITIVA/DEMODEFINITIVA.srcs/sources_1/bd/DEMO/DEMO.bd"/>
        <Attr Name="ImportTime" Val="1699488818"/>
        <Attr Name="UsedIn" Val="synthesis"/>
        <Attr Name="UsedIn" Val="implementation"/>
        <Attr Name="UsedIn" Val="simulation"/>
      </FileInfo>
    </File>
    <File Path="$PSRCDIR/sources_1/bd/DEMO/hdl/DEMO_wrapper.vhd">
      <FileInfo>
        <Attr Name="ImportPath" Val="$PPRDIR/../../Zybomon2_hw/Zybomon2_hw.srcs/sources_1/bd/DEMO/hdl/DEMO_wrapper.vhd"/>
        <Attr Name="ImportTime" Val="1751817834"/>
        <Attr Name="UsedIn" Val="synthesis"/>
        <Attr Name="UsedIn" Val="simulation"/>
      </FileInfo>
    </File>
    <File Path="$PSRCDIR/sources_1/new/BUZZER.vhd">
      <FileInfo>
        <Attr Name="UserDisabled" Val="1"/>
        <Attr Name="ImportPath" Val="$PPRDIR/../../../U/2025/Primer_semestre/SEP/SEP/Proyecto_Base_Booster_v2/DEMODEFINITIVA/DEMODEFINITIVA/DEMODEFINITIVA.srcs/sources_1/new/BUZZER.vhd"/>
        <Attr Name="ImportTime" Val="1699643784"/>
        <Attr Name="UsedIn" Val="synthesis"/>
        <Attr Name="UsedIn" Val="simulation"/>
      </FileInfo>
    </File>
    <Config>
      <Option Name="DesignMode" Val="RTL"/>
      <Option Name="TopModule" Val="DEMO_wrapper"/>
      <Option Name="TopAutoSet" Val="TRUE"/>
    </Config>
  </FileSet>
  <FileSet Name="constrs_in" Type="Constrs" RelSrcDir="$PSRCDIR/constrs_1">
    <Filter Type="Constrs"/>
    <File Path="$PSRCDIR/constrs_1/new/constraints.xdc">
      <FileInfo>
        <Attr Name="ImportPath" Val="$PPRDIR/../../../../U/2025/Primer_semestre/SEP/LAB10/project_1/project_1.srcs/constrs_1/new/constraints.xdc"/>
        <Attr Name="ImportTime" Val="1749259223"/>
        <Attr Name="UsedIn" Val="synthesis"/>
        <Attr Name="UsedIn" Val="implementation"/>
      </FileInfo>
    </File>
    <Config>
      <Option Name="ConstrsType" Val="XDC"/>
    </Config>
  </FileSet>
  <FileSet Name="utils" Type="Utils" RelSrcDir="$PSRCDIR/utils_1">
    <Filter Type="Utils"/>
    <Config>
      <Option Name="TopAutoSet" Val="TRUE"/>
    </Config>
  </FileSet>
  <Strategy Version="1" Minor="2">
    <StratHandle Name="Vivado Implementation Defaults" Flow="Vivado Implementation 2020"/>
    <Step Id="init_design"/>
    <Step Id="opt_design"/>
    <Step Id="power_opt_design"/>
    <Step Id="place_design"/>
    <Step Id="post_place_power_opt_design"/>
    <Step Id="phys_opt_design"/>
    <Step Id="route_design"/>
    <Step Id="post_route_phys_opt_design"/>
    <Step Id="write_bitstream"/>
    <Step Id="write_device_image"/>
  </Strategy>
  <BlockFileSet Type="BlockSrcs" Name="DEMO_xbar_0"/>
  <BlockFileSet Type="BlockSrcs" Name="DEMO_axi_quad_spi_1_0"/>
  <BlockFileSet Type="BlockSrcs" Name="DEMO_axi_gpio_0_0"/>
  <BlockFileSet Type="BlockSrcs" Name="DEMO_processing_system7_0_0"/>
  <BlockFileSet Type="BlockSrcs" Name="DEMO_rst_ps7_0_50M_0"/>
  <BlockFileSet Type="BlockSrcs" Name="DEMO_axi_iic_0_1"/>
  <BlockFileSet Type="BlockSrcs" Name="DEMO_axi_quad_spi_0_0"/>
  <BlockFileSet Type="BlockSrcs" Name="DEMO_ila_0_0"/>
  <BlockFileSet Type="BlockSrcs" Name="DEMO_axi_gpio_2_0"/>
  <BlockFileSet Type="BlockSrcs" Name="DEMO_axi_buzzer_0_0"/>
  <BlockFileSet Type="BlockSrcs" Name="DEMO_debouncer_0_0"/>
  <BlockFileSet Type="BlockSrcs" Name="DEMO_debouncer_0_1"/>
  <BlockFileSet Type="BlockSrcs" Name="DEMO_debouncer_0_2"/>
  <BlockFileSet Type="BlockSrcs" Name="DEMO_axi_gpio_1_0"/>
  <BlockFileSet Type="BlockSrcs" Name="DEMO_axi_timer_0_0"/>
  <BlockFileSet Type="BlockSrcs" Name="DEMO_axi_timer_1_0"/>
  <BlockFileSet Type="BlockSrcs" Name="DEMO_ila_1_0"/>
  <BlockFileSet Type="BlockSrcs" Name="DEMO_vio_0_0"/>
</GenRun>
