<?xml version="1.0" encoding="UTF-8"?>
<GenRun Id="synth_1" LaunchPart="xc7z010clg400-1" LaunchTime="1751817847">
  <File Type="PA-TCL" Name="DEMO_wrapper.tcl"/>
  <File Type="REPORTS-TCL" Name="DEMO_wrapper_reports.tcl"/>
  <File Type="RDS-RDS" Name="DEMO_wrapper.vds"/>
  <File Type="RDS-UTIL" Name="DEMO_wrapper_utilization_synth.rpt"/>
  <File Type="RDS-UTIL-PB" Name="DEMO_wrapper_utilization_synth.pb"/>
  <File Type="RDS-DCP" Name="DEMO_wrapper.dcp"/>
  <FileSet Name="sources" Type="DesignSrcs" RelSrcDir="$PSRCDIR/sources_1">
    <Filter Type="Srcs"/>
    <File Path="$PSRCDIR/sources_1/new/debouncer.vhd">
      <FileInfo>
        <Attr Name="ImportPath" Val="$PPRDIR/../../../rep2/IEE2463-SEP-Proyecto-2-Z8/input_reader/vivado/vivado.srcs/sources_1/new/debouncer.vhd"/>
        <Attr Name="ImportTime" Val="1749931880"/>
        <Attr Name="UsedIn" Val="synthesis"/>
        <Attr Name="UsedIn" Val="simulation"/>
      </FileInfo>
    </File>
    <File Path="$PSRCDIR/sources_1/bd/DEMO/DEMO.bd">
      <FileInfo>
        <Attr Name="ImportPath" Val="$PPRDIR/../../../U/2025/Primer_semestre/SEP/SEP/Proyecto_Base_Booster_v2/DEMODEFINITIVA/DEMODEFINITIVA/DEMODEFINITIVA.srcs/sources_1/bd/DEMO/DEMO.bd"/>
        <Attr Name="ImportTime" Val="1699488818"/>
        <Attr Name="UsedIn" Val="synthesis"/>
        <Attr Name="UsedIn" Val="implementation"/>
        <Attr Name="UsedIn" Val="simulation"/>
      </FileInfo>
    </File>
    <File Path="$PSRCDIR/sources_1/bd/DEMO/hdl/DEMO_wrapper.vhd">
      <FileInfo>
        <Attr Name="ImportPath" Val="$PPRDIR/../../Zybomon2_hw/Zybomon2_hw.srcs/sources_1/bd/DEMO/hdl/DEMO_wrapper.vhd"/>
        <Attr Name="ImportTime" Val="1751817834"/>
        <Attr Name="UsedIn" Val="synthesis"/>
        <Attr Name="UsedIn" Val="simulation"/>
      </FileInfo>
    </File>
    <File Path="$PSRCDIR/sources_1/new/BUZZER.vhd">
      <FileInfo>
        <Attr Name="UserDisabled" Val="1"/>
        <Attr Name="ImportPath" Val="$PPRDIR/../../../U/2025/Primer_semestre/SEP/SEP/Proyecto_Base_Booster_v2/DEMODEFINITIVA/DEMODEFINITIVA/DEMODEFINITIVA.srcs/sources_1/new/BUZZER.vhd"/>
        <Attr Name="ImportTime" Val="1699643784"/>
        <Attr Name="UsedIn" Val="synthesis"/>
        <Attr Name="UsedIn" Val="simulation"/>
      </FileInfo>
    </File>
    <Config>
      <Option Name="DesignMode" Val="RTL"/>
      <Option Name="TopModule" Val="DEMO_wrapper"/>
      <Option Name="TopAutoSet" Val="TRUE"/>
    </Config>
  </FileSet>
  <FileSet Name="constrs_in" Type="Constrs" RelSrcDir="$PSRCDIR/constrs_1">
    <Filter Type="Constrs"/>
    <File Path="$PSRCDIR/constrs_1/new/constraints.xdc">
      <FileInfo>
        <Attr Name="ImportPath" Val="$PPRDIR/../../../../U/2025/Primer_semestre/SEP/LAB10/project_1/project_1.srcs/constrs_1/new/constraints.xdc"/>
        <Attr Name="ImportTime" Val="1749259223"/>
        <Attr Name="UsedIn" Val="synthesis"/>
        <Attr Name="UsedIn" Val="implementation"/>
      </FileInfo>
    </File>
    <Config>
      <Option Name="ConstrsType" Val="XDC"/>
    </Config>
  </FileSet>
  <FileSet Name="utils" Type="Utils" RelSrcDir="$PSRCDIR/utils_1">
    <Filter Type="Utils"/>
    <Config>
      <Option Name="TopAutoSet" Val="TRUE"/>
    </Config>
  </FileSet>
  <Strategy Version="1" Minor="2">
    <StratHandle Name="Vivado Synthesis Defaults" Flow="Vivado Synthesis 2020"/>
    <Step Id="synth_design"/>
  </Strategy>
  <BlockFileSet Type="BlockSrcs" Name="DEMO_xbar_0"/>
  <BlockFileSet Type="BlockSrcs" Name="DEMO_axi_quad_spi_1_0"/>
  <BlockFileSet Type="BlockSrcs" Name="DEMO_axi_gpio_0_0"/>
  <BlockFileSet Type="BlockSrcs" Name="DEMO_processing_system7_0_0"/>
  <BlockFileSet Type="BlockSrcs" Name="DEMO_rst_ps7_0_50M_0"/>
  <BlockFileSet Type="BlockSrcs" Name="DEMO_axi_iic_0_1"/>
  <BlockFileSet Type="BlockSrcs" Name="DEMO_axi_quad_spi_0_0"/>
  <BlockFileSet Type="BlockSrcs" Name="DEMO_ila_0_0"/>
  <BlockFileSet Type="BlockSrcs" Name="DEMO_axi_gpio_2_0"/>
  <BlockFileSet Type="BlockSrcs" Name="DEMO_axi_buzzer_0_0"/>
  <BlockFileSet Type="BlockSrcs" Name="DEMO_debouncer_0_0"/>
  <BlockFileSet Type="BlockSrcs" Name="DEMO_debouncer_0_1"/>
  <BlockFileSet Type="BlockSrcs" Name="DEMO_debouncer_0_2"/>
  <BlockFileSet Type="BlockSrcs" Name="DEMO_axi_gpio_1_0"/>
  <BlockFileSet Type="BlockSrcs" Name="DEMO_axi_timer_0_0"/>
  <BlockFileSet Type="BlockSrcs" Name="DEMO_axi_timer_1_0"/>
  <BlockFileSet Type="BlockSrcs" Name="DEMO_ila_1_0"/>
  <BlockFileSet Type="BlockSrcs" Name="DEMO_vio_0_0"/>
</GenRun>
