<?xml version="1.0" encoding="UTF-8"?>
<GenRun Id="DEMO_xbar_0_synth_1" LaunchPart="xc7z010clg400-1" LaunchTime="1751776253">
  <File Type="PA-TCL" Name="DEMO_xbar_0.tcl"/>
  <File Type="REPORTS-TCL" Name="DEMO_xbar_0_reports.tcl"/>
  <File Type="RDS-RDS" Name="DEMO_xbar_0.vds"/>
  <File Type="RDS-UTIL" Name="DEMO_xbar_0_utilization_synth.rpt"/>
  <File Type="RDS-UTIL-PB" Name="DEMO_xbar_0_utilization_synth.pb"/>
  <File Type="RDS-DCP" Name="DEMO_xbar_0.dcp"/>
  <FileSet Name="sources" Type="BlockSrcs" RelSrcDir="$PSRCDIR/DEMO_xbar_0">
    <File Path="$PSRCDIR/sources_1/bd/DEMO/ip/DEMO_xbar_0/DEMO_xbar_0.xci">
      <FileInfo>
        <Attr Name="Library" Val="xil_defaultlib"/>
        <Attr Name="ImportPath" Val="$PPRDIR/../../../U/2025/Primer_semestre/SEP/SEP/Proyecto_Base_Booster_v2/DEMODEFINITIVA/DEMODEFINITIVA/DEMODEFINITIVA.srcs/sources_1/bd/DEMO/ip/DEMO_xbar_0/DEMO_xbar_0.xci"/>
        <Attr Name="ImportTime" Val="0"/>
        <Attr Name="UsedIn" Val="synthesis"/>
        <Attr Name="UsedIn" Val="implementation"/>
        <Attr Name="UsedIn" Val="simulation"/>
        <Attr Name="ProcessingOrder" Val="EARLY"/>
      </FileInfo>
    </File>
    <Config>
      <Option Name="TopModule" Val="DEMO_xbar_0"/>
      <Option Name="UseBlackboxStub" Val="1"/>
    </Config>
  </FileSet>
  <FileSet Name="constrs_in" Type="BlockSrcs" RelSrcDir="$PSRCDIR/DEMO_xbar_0">
    <File Path="$PSRCDIR/sources_1/bd/DEMO/ip/DEMO_xbar_0/DEMO_xbar_0.xci">
      <FileInfo>
        <Attr Name="Library" Val="xil_defaultlib"/>
        <Attr Name="ImportPath" Val="$PPRDIR/../../../U/2025/Primer_semestre/SEP/SEP/Proyecto_Base_Booster_v2/DEMODEFINITIVA/DEMODEFINITIVA/DEMODEFINITIVA.srcs/sources_1/bd/DEMO/ip/DEMO_xbar_0/DEMO_xbar_0.xci"/>
        <Attr Name="ImportTime" Val="0"/>
        <Attr Name="UsedIn" Val="synthesis"/>
        <Attr Name="UsedIn" Val="implementation"/>
        <Attr Name="UsedIn" Val="simulation"/>
        <Attr Name="ProcessingOrder" Val="EARLY"/>
      </FileInfo>
    </File>
    <Config>
      <Option Name="TopModule" Val="DEMO_xbar_0"/>
      <Option Name="UseBlackboxStub" Val="1"/>
    </Config>
  </FileSet>
  <FileSet Name="utils" Type="Utils" RelSrcDir="$PSRCDIR/utils_1">
    <Filter Type="Utils"/>
    <Config>
      <Option Name="TopAutoSet" Val="TRUE"/>
    </Config>
  </FileSet>
  <Strategy Version="1" Minor="2">
    <StratHandle Name="Vivado Synthesis Defaults" Flow="Vivado Synthesis 2020"/>
    <Step Id="synth_design"/>
  </Strategy>
</GenRun>
